epoch,time,train/box_loss,train/cls_loss,train/dfl_loss,metrics/precision(B),metrics/recall(B),metrics/mAP50(B),metrics/mAP50-95(B),val/box_loss,val/cls_loss,val/dfl_loss,lr/pg0,lr/pg1,lr/pg2
1,20.6477,1.62154,3.54148,1.65359,0.00311,0.9,0.29466,0.18027,1.2237,3.87067,1.30054,0.00020004,0.00020004,0.00020004
2,39.8547,1.5265,2.96241,1.59529,0.00336,0.95,0.47123,0.30003,1.18933,3.66502,1.30709,0.000279223,0.000279223,0.000279223
3,58.7273,1.32532,2.61332,1.47367,0.00337,0.95,0.65699,0.39854,1.19712,3.59635,1.29841,0.000215376,0.000215376,0.000215376
